Sample_ID,Sourness_Score,尼古丁,总糖,还原糖,总氮,总钾,总氯,糖碱比,氮碱比,两糖比,两糖差,钾氯比,苹果酸,草酸,柠檬酸,丙二酸,乳酸,棕榈酸,硬脂酸,油酸,亚油酸,绿原酸,莨菪亭,芸香苷,叶黄素,胡萝卜素,茄酮,香叶基丙酮,beta.紫罗兰酮,氧化紫罗兰酮,降茄二酮,X3.羟基.β.二氢大马酮,X3.氧代.α.紫罗兰醇,巨豆三烯酮,二氢猕猴桃内酯,新植二烯,磷酸,甘油,脯氨酸,尼古丁2,二羟基丙酸,苹果酸2,三羟基丁酸,柠檬酸2,果糖,葡萄糖,肌醇,蔗糖,糠醛,糠醇,X5.甲基糠醛,菠萝呋喃酮,麦芽酚,DDMP,γ.巴豆酰内酯,二氢猕猴桃内酯2,γ.丁内酯,苯酚,愈创木酚,邻甲酚,间甲酚,对甲酚,X4.乙烯基愈创木酚,X2.6.二甲基苯酚,X2.6.二甲氧基苯酚,丁香酚,异丁香酚,X2.环戊烯酮,X3.甲基.2.环戊烯酮,X2.3.二甲基.2.环戊烯酮,X3.乙基.2.环戊烯酮,甲基环戊烯醇酮,乙基环戊烯醇酮,X1.茚酮,巨豆三烯酮2,X3.羟基.β.二氢大马酮2,X3.氧代.α.紫罗兰醇2,乙酸,丙酸,丁酸,异戊酸,X3.甲基戊酸,吡咯,乙酰基吡咯,X2.吡咯烷酮,吡啶,X2.甲基吡啶,X3.甲基吡啶,X3.乙基吡啶,X3.羟基.6.甲基吡啶,X2.3..联吡啶,尼古丁3,麦司明,尼可他因,X2.甲基吡嗪,吲哚,X3.甲基吲哚,喹啉,异戊酰胺,新植二烯2,苯甲醇,苯乙醇,Group
K1,3.62,1.82,28.97,20.47,2.13,1.79,0.32,15.92,1.17,0.71,8.5,5.59,62.02,10.68,7.37,2.15,0.33,1.4,0.31,0.43,0.61,12.454,0.123,14.411,48.53,51.497,0.0355,0.0063,0.0279,0.1452,0.1809,0.0624,1.2548,0.1197,0.264,26.5279,0.1653,0.0713,0.8688,0.7662,0.0555,1.732,0.3727,0.0468,5.476,8.7753,0.9588,7.3222,0.167146,0.722609,0.132523,0.082646,0.04061,0.096163,0.026867,0.003228,0.010319,0.108447,0.021426,0.004459,0.005984,0.005044,0.012344,9.63e-4,0.003053,2.11e-4,0.001523,0.033281,0.008365,0.132523,0.001282,0.043006,0.007914,0.001086,0.016534,0.003842,0.024076,0.232325,0.051439,0.005868,0.00877,0.002761,7.41e-4,0.013087,0.005791,0.056434,0.005809,0.008276,9.04e-4,0.003843,0.026154,3.566381,0.013767,0.002857,0.016266,0.001924,9.29e-4,0.003375,0.001427,0.058559,0.006909,0.009061,Moderate
K2,1.31,1.77,33.01,18.3,2.25,1.57,0.15,18.65,1.27,0.55,14.71,10.47,24.5,8.84,2.22,2.04,0.33,1.95,0.43,0.64,0.87,15.421,0.091,19.685,43.457,37.967,0.0315,0.007,0.0304,0.1303,0.1349,0.0614,1.5006,0.1355,0.2888,28.7836,0.2207,0.0914,1.185,0.9261,0.0669,1.0917,0.4835,0.0209,4.9887,8.42,1.3495,15.1774,0.159551,0.805579,0.123715,0.09998,0.042206,0.098272,0.026059,0.003298,0.00935,0.1202,0.021201,0.002979,0.005314,0.004485,0.012741,6.64e-4,0.003128,1.96e-4,0.001537,0.030717,0.00785,0.123715,0.0013,0.047338,0.009951,9.96e-4,0.013983,0.00326,0.014773,0.258564,0.061066,0.005721,0.010618,0.002623,9.48e-4,0.011318,0.006347,0.056175,0.007005,0.009615,0.001046,0.0037,0.02549,3.557722,0.011393,0.002873,0.013761,0.002152,0.001023,0.003487,0.001855,0.039421,0.007411,0.007054,Trace
K9,3.07,1.87,33.82,28.34,1.7,2.41,0.38,18.09,0.91,0.84,5.48,6.34,24.3821,5.4886,4.0751,1.8708,0.2844,1.7372,0.2388,0.7741,0.6296,11.943,0.084,10.101,20.916,5.649,0.0725,0.0584,4e-4,0.2955,0.2963,0.2292,3.5035,0.2852,0.7755,23.1306,0.2783,0.0693,0.3586,0.8012,0.0767,1.1478,0.2381,0.064,7.7003,13.0454,1.1045,4.2885,0.131219,0.752036,0.089053,0.074018,0.029659,0.082077,0.028011,0.00284,0.010113,0.08665,0.014933,0.002557,0.003581,0.004079,0.012285,2.23e-4,0.003753,1.16e-4,0.001233,0.026089,0.007818,0.089053,0.001078,0.04477,0.008061,8.17e-4,0.01689,0.004351,0.016936,0.165668,0.053285,0.018796,0.012815,0.00125,2.78e-4,0.008,0.00348,0.04458,0.004255,0.005947,8.33e-4,0.002488,0.016112,3.62337,0.008203,0.003242,0.005109,0.001412,5.36e-4,0.00293,0.00123,0.033648,0.003575,0.00279,Moderate
K10,1.27,2.28,32.32,25.7,1.69,1.87,0.43,14.18,0.74,0.8,6.62,4.35,27.1215,6.8974,4.3267,2.1354,0.3253,1.4808,0.2031,0.6288,0.6663,15.072,0.09,13.274,20.674,6.765,0.0893,0.0226,0.0461,0.3081,0.4103,0.2138,1.9379,0.238,0.8413,27.7464,0.275,0.057,0.39,0.8853,0.0656,1.0567,0.2196,0.0558,6.7611,11.0923,0.8643,4.7178,0.242775,0.946702,0.167878,0.084705,0.045489,0.092527,0.031654,0.003009,0.009191,0.116396,0.022539,0.003905,0.004896,0.005312,0.015404,3.24e-4,0.004837,2.38e-4,0.001746,0.034441,0.008803,0.167878,0.001384,0.053316,0.010037,0.001122,0.021924,0.004793,0.013796,0.226258,0.061202,0.023285,0.012077,9.97e-4,0.001833,0.009524,0.003201,0.065572,0.004722,0.008505,0.001023,0.002637,0.017102,4.201021,0.009601,0.00392,0.007165,0.002304,7.81e-4,0.003818,0.00134,0.038465,0.00508,0.00378,Trace
K11,3.52,1.03,37.71,31.18,1.37,1.35,0.54,36.61,1.33,0.83,6.53,2.5,28.0587,6.849,5.4322,1.5177,0.2683,1.8409,0.1926,0.4058,0.5669,12.761,0.111,10.959,24.493,5.884,0.0499,0.0109,0.0409,0.226,0.1443,0.192,2.8847,0.1532,0.839,19.4952,0.2717,0.0609,0.3398,0.4198,0.0658,0.7388,0.2029,0.0364,8.4155,13.744,0.8553,4.5701,0.211545,0.546516,0.121859,0.086287,0.038718,0.070953,0.030645,0.003026,0.005053,0.075619,0.011665,0.002727,0.004457,0.003889,0.009434,0.00163,0.003112,2.03e-4,8.99e-4,0.023639,0.006184,0.115584,0.001036,0.047692,0.007943,7.62e-4,0.016513,0.004759,0.020738,0.184229,0.041432,0.019415,0.020216,0.001262,3.86e-4,0.006846,0.006083,0.032971,0.002895,0.005007,5.14e-4,0.002499,0.011357,2.924667,0.002539,0.002638,0.0026,6.83e-4,3.85e-4,0.003083,8.66e-4,0.023006,0.005159,0.004694,Moderate
K12,2.05,1.11,38.79,31.32,1.42,0.97,0.43,34.95,1.28,0.81,7.47,2.26,23.6589,7.1907,4.8587,1.2445,0.3622,1.5548,0.1818,0.3335,0.5273,13.563,0.127,13.144,17.264,3.816,0.0316,0.0079,0.0342,0.1831,0.1135,0.1577,1.7057,0.1389,0.7795,18.9483,0.2631,0.0573,0.4236,0.4354,0.096,0.6942,0.2269,0.0317,8.8692,14.2558,0.7457,5.4802,0.203273,0.529843,0.123719,0.087357,0.036923,0.063255,0.027046,0.002512,0.004199,0.073383,0.011289,0.002544,0.003853,0.00331,0.00804,0.001513,0.002683,1.52e-4,6.92e-4,0.020473,0.006311,0.123741,9.4e-4,0.044021,0.006963,6.83e-4,0.013038,0.003159,0.01325,0.172795,0.042649,0.014322,0.014322,0.001007,5.18e-4,0.006526,0.005353,0.034654,0.00297,0.0046,5e-4,0.002294,0.009505,2.883415,0.002256,0.002567,0.002382,6.99e-4,3.26e-4,0.003184,8.68e-4,0.017567,0.004742,0.00435,Mild
K13,1.25,2.03,32.51,25.94,1.6,1.91,0.32,16.01,0.79,0.8,6.57,5.97,42.92,11.18,3.47,1.96,0.47,1.77,0.41,0.47,1.04,11.473,0.143,7.857,39.571,34.148,0.0499,0.0082,0.0319,0.1851,0.2689,0.1659,1.4552,0.1634,0.3002,32.8216,0.2801,0.0776,0.3316,0.91,0.0674,1.3529,0.3666,0.0221,8.0282,11.3906,1.2263,5.248,0.25227,0.724716,0.147669,0.118293,0.047705,0.11035,0.034567,0.003325,0.011538,0.134742,0.02265,0.005237,0.008371,0.007095,0.011927,0.002711,0.005125,3.8e-4,0.001803,0.0388,0.010512,0.14769,0.001258,0.069069,0.014544,0.001467,0.029997,0.00617,0.029182,0.230252,0.064561,0.029853,0.029469,0.002495,0.001561,0.009565,0.00835,0.067751,0.00423,0.009312,0.001032,0.005016,0.026364,5.235295,0.005699,0.003552,0.002986,0.002579,0.001061,0.003931,0.001365,0.053258,0.009191,0.007655,Trace
K14,0.74,3.73,22.37,19.68,2.32,1.93,0.39,6,0.62,0.88,2.69,4.95,34.72,13.47,3.78,3.19,0.4,1.45,0.34,0.56,1.17,10.562,0.235,10.239,44.83,51.815,0.034,0.007,0.031,0.151,0.18,0.154,1.083,0.161,0.282,32.189,0.3979,0.0792,0.4929,1.5562,0.0667,1.2801,0.3038,0.0331,6.164,6.9253,1.1043,1.7922,0.2084,0.548745,0.161656,0.112105,0.048363,0.101183,0.030319,0.003267,0.010615,0.165245,0.038519,0.00543,0.010376,0.009106,0.014744,0.004881,0.014083,7.06e-4,0.003707,0.040584,0.011912,0.161666,0.002094,0.071141,0.017042,0.002038,0.039264,0.007814,0.036437,0.207921,0.070078,0.054668,0.055476,0.00342,0.002973,0.015758,0.012285,0.076886,0.005088,0.012215,0.001364,0.009097,0.048787,8.026016,0.016146,0.004428,0.007349,0.006062,0.002109,0.004635,0.002319,0.075242,0.012223,0.013543,Trace
K15,1.62,2.03,28.11,22.61,1.85,1.55,0.78,13.85,0.91,0.8,5.5,1.99,66.25,12.56,5.94,2.91,0.33,1.73,0.38,0.51,0.76,12.581,0.139,8.225,36.803,31.085,0.039,0.008,0.028,0.146,0.195,0.159,1.302,0.154,0.256,33.586,0.1995,0.0664,0.4834,0.8632,0.0499,1.3325,0.2975,0.0537,6.2806,9.5945,1.2385,4.4195,0.261748,0.781936,0.195129,0.062055,0.05055,0.088209,0.031444,0.003595,0.003277,0.113578,0.021972,0.005151,0.006705,0.005611,0.016682,0.001203,0.004645,3.33e-4,0.002203,0.035653,0.007479,0.195129,0.001251,0.04546,0.007251,0.001137,0.026866,0.00861,0.030343,0.163873,0.051856,0.007345,0.012301,0.002448,8.09e-4,0.011722,0.005839,0.061724,0.005055,0.009569,8.35e-4,0.003639,0.029569,3.986131,0.015957,0.003539,0.012606,0.001832,8.33e-4,0.004464,0.001506,0.065981,0.00925,0.011267,Mild
K16,1.13,2.76,26.99,21.63,1.85,1.16,0.83,9.78,0.67,0.8,5.36,1.4,55.88,12.1,6.34,3.45,0.34,1.69,0.36,0.52,1.03,13.977,0.17,10.395,30.471,27.347,0.047,0.006,0.026,0.16,0.208,0.134,1.473,0.125,0.322,30.046,0.1738,0.0673,0.4854,1.2043,0.04,1.1447,0.2806,0.0537,6.3581,9.4487,1.2905,4.5292,0.258492,0.734372,0.190301,0.062286,0.060435,0.105359,0.023814,0.00364,0.001048,0.118702,0.022608,0.004331,0.00658,0.005505,0.018621,0.001389,0.00697,4.34e-4,0.003228,0.034541,0.007232,0.190273,0.001085,0.044949,0.006513,0.001073,0.02653,0.008533,0.034451,0.172806,0.05087,0.007572,0.009726,0.00241,0.001638,0.009779,0.005913,0.07155,0.005129,0.01268,0.001048,0.003509,0.041211,4.787869,0.017921,0.004238,0.009658,0.002078,8.28e-4,0.00454,0.001446,0.056497,0.012478,0.012879,Trace
K17,3.24,2.3,35.1,25.98,1.9,1.69,0.17,15.26,0.83,0.74,9.12,9.94,35.5599,8.3031,4.6054,1.8324,0.3393,1.572,0.246,0.4634,0.6965,14,0.066,14.738,47.056,14.584,0.0556,0.0158,0.0452,0.2518,0.2185,0.1325,1.6908,0.2289,0.8329,33.2877,0.2159,0.07,0.6046,0.9506,0.0756,1.3078,0.2847,0.0399,6.9034,10.6335,0.9057,7.3441,0.223172,0.640066,0.142331,0.126437,0.046033,0.108031,0.024609,0.003238,0.008537,0.138197,0.021095,0.00469,0.008297,0.00726,0.010625,0.002187,0.004786,2.95e-4,0.00134,0.035299,0.010696,0.142331,0.001841,0.064513,0.013272,0.001326,0.025382,0.004007,0.015231,0.226955,0.070344,0.027124,0.027961,0.001975,0.001357,0.010651,0.006768,0.061709,0.004253,0.009015,0.001005,0.003727,0.03354,5.546399,0.005333,0.003528,0.005569,0.002525,0.001093,0.003891,0.001359,0.055626,0.008502,0.006026,Moderate
K18,2.11,3.12,29.27,22.97,2.61,1.89,0.2,9.38,0.84,0.78,6.3,9.45,26.3616,6.8107,3.1348,1.9671,0.3688,1.3545,0.1667,0.4927,0.844,12.822,0.159,16.392,57.436,21.606,0.0555,0.0287,0.0514,0.2646,0.197,0.137,1.7217,0.4351,0.8902,37.3503,0.2129,0.072,0.8577,1.2447,0.0769,1.4437,0.2576,0.0621,6.144,7.99,0.6252,5.0435,0.149513,0.409579,0.128067,0.102045,0.031849,0.072276000000000007,0.017495,0.002618,0.005507,0.117186,0.024997,0.00382,0.007613,0.006512,0.009195,2.62e-4,0.006047,4.04e-4,0.001448,0.028138,0.00944,0.128067,0.001704,0.048872,0.010213,0.001128,0.021412,0.00322,0.013382,0.108624,0.056262,0.025342,0.025558,0.002052,0.001119,0.011738,0.008169,0.068799,0.005266,0.011364,9.41e-4,0.00561,0.049071,6.134922,0.009048,0.003881,0.008968,0.003642,0.00156,0.003682,0.001677,0.052096,0.007916,0.006581,Mild
K3,3.87,1.91,32.05,25.26,1.97,1.79,0.21,16.78,1.03,0.79,6.79,8.52,35.6155,10.0642,3.6281,2.2367,0.2717,1.5225,0.2221,0.7057,0.8814,12.595,0.173,11.122,59.903,18.363,0.1223,0.0179,0.0344,0.5772,0.0415,0.1832,6.6707,0.282,0.9814,56.5404,0.2255,0.0765,0.5198,0.6851,0.0658,1.3528,0.3807,0.0277,6.2207,9.0226,1.0068,5.0815,0.260093,0.656175,0.165417,0.143004,0.052242,0.146549,0.029077,0.003581,0.012599,0.169586,0.03346,0.006818,0.012042,0.010215,0.016227,0.00312,0.007351,5.1e-4,0.002534,0.040932,0.011721,0.16544,0.001428,0.07209,0.017485,0.001788,0.030429,0.00441,0.019177,0.215338,0.070326,0.031194,0.030338,0.00264,0.00374,0.013823,0.009236,0.061886,0.004537,0.008946,0.001077,0.005837,0.026576,5.373948,0.00739,0.003515,0.008577,0.005208,0.002025,0.004167,0.001814,0.053693,0.009959,0.008568,Moderate
K4,2.16,2.78,26.06,20.28,2.26,1.49,0.29,9.37,0.81,0.78,5.78,5.14,39.7111,11.1715,4.2192,3.0228,0.2982,1.2013,0.1836,0.4009,0.7953,12.274,0.197,13.315,49.993,17.603,0.0919,0.0661,0.0469,0.3389,0.3732,0.1607,1.6199,0.4308,0.8743,40.2544,0.2267,0.0796,0.7709,1.2123,0.0621,1.5106,0.3555,0.0362,6.05,7.8046,1.0402,4.9505,0.132693,0.430583,0.097978,0.112754,0.040627,0.111475,0.02627,0.003517,0.006071,0.124763,0.027847,0.004501,0.009085,0.007971,0.013747,0.003097,0.011305,7.81e-4,0.003596,0.030341,0.008537,0.098004,0.001541,0.058193,0.012766,0.001621,0.031663,0.00517,0.019313,0.236254,0.046691,0.023544,0.024392,0.002537,0.001439,0.013062,0.010169,0.060287,0.004464,0.010232,9.45e-4,0.006551,0.062214,6.752805,0.012934,0.004513,0.010842,0.003676,0.001531,0.004208,0.001695,0.063647,0.011292,0.00863,Mild
K5,3.21,2.18,33.1,24.64,1.91,1.68,0.17,15.18,0.88,0.74,8.46,9.88,42.5684,8.3631,4.0577,1.6519,0.2868,1.6842,0.1985,0.5402,0.8384,18.294,0.111,10.86,45.206,14.076,0.0466,0.016,0.0397,0.2056,0.2261,0.1563,1.6623000000000001,0.2372,0.6856,30.7771,0.2459,0.0681,0.5048,0.8657,0.0714,1.5988,0.34,0.0369,6.3352,9.9594,0.9326,6.4305,0.153411,0.824864,0.102894,0.083071999999999993,0.033005,0.092689,0.025961,0.002939,0.011275,0.110978,0.01612,0.00339,0.004669,0.004586,0.010959,6.61e-4,0.003386,1.42e-4,0.001234,0.031302,0.007738,0.102894,0.00129,0.045341,0.009085,8.93e-4,0.01517,0.003617,0.013872,0.204772,0.055421,0.020181,0.015334,0.042162,4.44e-4,0.009019,0.003359,0.046348,0.004818,0.006744,9.48e-4,0.002916,0.020215,4.276091,0.009623,0.003507,0.008285,0.001639,6.31e-4,0.003298,0.00127,0.047267000000000003,0.005876,0.006491,Moderate
K6,1.93,3.5,26.92,22.01,2.25,1.23,0.23,7.69,0.64,0.82,4.91,5.35,40.8513,11.0894,4.7481,2.4368,0.2896,1.0794,0.1665,0.3739,0.6545,15.228,0.145,14.288,47.599,16.605,0.098,0.0219,0.0486,0.3383,0.3581,0.1802,2.3779,0.3276,0.8184,37.1181,0.1883,0.0769,0.7607,1.4829,0.0572,1.3958,0.3152,0.0384,6.2269,8.6779,0.8155,3.8613,0.194735,0.862472,0.16029,0.087567,0.047378,0.106096,0.029981,0.002082,0.010311,0.128004,0.025985,0.003971,0.006618,0.005256,0.013997,7.8e-4,0.005895,3.71e-4,0.002572,0.034109,0.008061,0.16029,0.001363,0.053605,0.009904,0.001234,0.023193,0.004595,0.018226,0.250475,0.062605,0.026181,0.014742,0.03685,0.00155,0.011699,0.004597,0.061528,0.005292,0.012676,0.001227,0.004045,0.036057,6.16722,0.015345,0.005376,0.011587,0.002934,0.001131,0.005174,0.00167,0.075829,0.008722,0.007901,Mild
K7,3.12,2.06,32.34,24.9,1.79,1.74,0.27,15.7,0.87,0.77,7.44,6.44,55.04,9.71,5.14,2.1,0.41,1.86,0.37,0.54,0.88,14.463,0.113,9.668,42.34,44.305,0.0359,0.0103,0.0349,0.1673,0.191,0.1404,1.8266,0.2269,0.3318,38.5386,0.237,0.0798,0.5759,0.9288,0.06,1.5924,0.3559,0.0324,7.2193,11.6605,1.0833,6.1428,0.216658,0.666229,0.122758,0.109569,0.047627,0.101304,0.030167,0.002932,0.009753,0.134479,0.018125,0.004886,0.008213,0.006988,0.012652,0.002435,0.005049,3.21e-4,0.001582,0.039434,0.010058,0.122758,0.001836,0.065222,0.013839,0.001289,0.025345,0.004914,0.020423,0.251656,0.043883,0.017135,0.01679,0.029473,0.001147,0.010061,0.007885,0.063115,0.004632,0.009155,0.00107,0.004327,0.026696,5.123409,0.007511,0.003604,0.005163,0.002248,0.001153,0.003755,0.001509,0.055721,0.008439,0.007021,Moderate
K8,2.06,4.01,24.15,20.34,2.3,1.23,0.36,6.02,0.57,0.84,3.81,3.42,60.99,10.91,7.34,3.3,0.4,1.31,0.28,0.35,0.9,10.448,0.172,11.612,34.244,35.816,0.0445,0.0061,0.0345,0.1624,0.194,0.1264,1.7803,0.1454,0.2906,37.0184,0.2491,0.0786,0.6629,1.7808,0.0629,1.6696,0.3357,0.0364,6.3109,8.0953,0.9209,2.9974,0.184334,0.504557,0.136002,0.089304,0.041591,0.07294,0.027178,0.003099,0.006433,0.098468,0.023447,0.003315,0.006373,0.00547,0.011822,0.003837,0.008375,4.58e-4,0.002415,0.025379,0.006382,0.136021,0.001051,0.049359,0.008929,9.86e-4,0.02907,0.005262,0.02263,0.206816,0.051227,0.022495,0.022191,0.003385,0.001546,0.011058,0.008454,0.056699,0.002791,0.008252,7.27e-4,0.005279,0.053506,7.566753,0.01216,0.004367,0.005999,0.003099,9.2e-4,0.004405,0.001217,0.066548,0.012241,0.010742,Mild
K19,1.42,2.17,23.11,18.68,1.95,0.74,1.18,10.65,0.9,0.81,4.43,0.63,46.7433,9.2649,5.436,1.963,0.3575,1.7459,0.2863,0.5339,0.8091,11.742,0.0959,11.3521,46.6796,19.9938,0.0654,0.0178,0.0359,0.2644,0.2045,0.1525,3.9979,0.2251,0.8425,28.2851,0.2477,0.0991,0.6241,0.6801,0.0711,1.1708,0.2964,0.0489,5.8753,9.0006,0.9812,4.9945,0.322728,0.874522,0.265626,0.104084,0.12076,0.059233,0.014196,0.002277,0.029842,0.287893,0.031566,0.009594,1e-6,1e-6,0.064265,1e-6,0.016691,1e-6,1e-6,0.06296,0.014734,0.004534,0.002125,0.106822,0.01303,1e-6,0.052703,0.014134,0.165153,0.648533,0.07395,0.029578,0.029209,0.008165,0.00167,0.025906,1e-6,0.072867,0.007427,0.014431,9.26e-4,0.011472,0.054406,6.550634,0.034538,1e-6,0.013993,0.008217,1e-6,1e-6,1e-6,0.14217,0.034142,0.034863,Trace
K20,0.35,2.73,22.19,18.13,2.29,0.51,1.33,8.13,0.84,0.82,4.06,0.38,53.0449,12.9028,6.5882,3.2709,0.4449,1.7887,0.3131,0.5843,1.0282,16.6286,0.2026,16.7243,50.1487,33.2671,0.0753,0.0247,0.0495,0.2931,0.3164,0.1895,2.1363,0.3031,0.766,41.0284,0.3074,0.0913,0.8161,1.5097,0.0832,1.7039,0.3811,0.0563,8.3372,11.8665,1.195,5.8134,0.213731,0.74423,0.227343,0.165664,0.094891,0.068643,0.054082,0.002538,0.021973,0.263119,0.037196,0.009803,1e-6,1e-6,0.04508,1e-6,0.003081,1e-6,1e-6,0.047078,0.011618,0.004398,0.00201,0.094186,0.014988,1e-6,0.056084,0.013346,0.137436,0.686546,0.100756,0.037488,0.041095,0.016057,0.003171,0.034728,1e-6,0.07869,0.006699,0.012726,8.2e-4,0.023758,0.103823,8.413336,0.066281,1e-6,0.020649,0.014343,1e-6,1e-6,1e-6,0.156449,0.026886,0.042229,Trace
K21,3.06,2.84,17.93,16.86,2.5,2.99,0.47,6.31,0.88,0.94,1.07,6.36,46.7433,9.2649,5.436,1.963,0.3575,1.7459,0.2863,0.5339,0.8091,11.742,0.0959,11.3521,46.6796,19.9938,0.0654,0.0178,0.0359,0.2644,0.2045,0.1525,3.9979,0.2251,0.8425,28.2851,0.2477,0.0991,0.6241,0.6801,0.0711,1.1708,0.2964,0.0489,5.8753,9.0006,0.9812,4.9945,0.194162,0.946122,0.136606,0.19319,0.109822,0.059738,0.030842,0.002579,0.04372,0.309143,0.074021,0.009841,1e-6,1e-6,0.046825,1e-6,0.004816,1e-6,1e-6,0.065001,0.015652,0.007048,0.002756,0.122483,0.0266,1e-6,0.054963,0.013336,0.137663,0.664158,0.134201,0.052192,0.094625,0.018471,0.004841,0.040963,1e-6,0.094872,0.00726,0.018624,0.001256,0.012534,0.136645,9.529354,0.079023,1e-6,0.018559,0.014618,1e-6,1e-6,1e-6,0.182948,0.050317,0.039264,Moderate
K22,2.21,4.08,16.51,15.88,2.86,2.87,0.48,4.05,0.7,0.96,0.63,5.98,53.0449,12.9028,6.5882,3.2709,0.4449,1.7887,0.3131,0.5843,1.0282,16.6286,0.2026,16.7243,50.1487,33.2671,0.0753,0.0247,0.0495,0.2931,0.3164,0.1895,2.1363,0.3031,0.766,41.0284,0.3074,0.0913,0.8161,1.5097,0.0832,1.7039,0.3811,0.0563,8.3372,11.8665,1.195,5.8134,0.138009,0.600761,0.138472,0.142169,0.09554,0.052984,0.042758,0.001905,0.031063,0.275375,0.07564,0.003677,1e-6,1e-6,0.065296,1e-6,0.004155,1e-6,1e-6,0.03812,0.011007,0.00476,0.001776,0.08499,0.015201,1e-6,0.046972,0.00959,0.102198,0.484831,0.130757,0.05377,0.053741,0.012715,0.002652,0.039428,1e-6,0.023631,0.001556,0.005182,3.64e-4,0.006134,0.106124,8.228449,0.047594,1e-6,0.01724,0.012104,1e-6,1e-6,1e-6,0.147839,0.03608,0.037855,Mild
G1,1.62,1.1,8.27,7.65,2.91,2.58,3.26,7.52,2.65,0.93,0.62,0.79,69.5449,9.8482,9.0764,1.8592,0.3847,1.6596,0.2459,0.418,0.825,4.885,0.04,9.947,68.51,8.718,0.0702,0.0162,0.0567,0.1086,0.2756,0.1073,6.917,0.221,1.8245,13.4177,0.1505,0.113,0.6702,0.3377,0.0681,0.577,0.1196,0.0414,1.0901,1.3842,0.4025,0.1739,0.018503,0.025065,0.032177,0.017792,0.009873,8.96e-4,0.007118,0.006324,2.61e-4,0.065108,0.007093,0.001845,0.003119,0.00259,0.009185,0.002582,0.001459,2.2e-4,1.65e-4,0.009545,0.002463,0.032177,4.31e-4,0.015342,0.001149,0.002009,0.009879,0.002295,0.027563,0.040772,0.009108,0.03238,0.03238,0.172947,2.7e-5,0.013696,0.009407,9.99e-4,4.63e-4,9.89e-4,0,0.003998,0.009788,1.285972,0.00137,0.001488,0.071236,0.00164,6.38e-4,0.003433,0.002244,0.022211,0.008014,0.007797,Mild
G2,1.93,0.5,21.6,19.4,2.16,2.43,0.87,43.2,4.32,0.9,2.2,2.79,67.438,9.824,8.7122,1.7917,0.4753,1.7859,0.2384,0.4503,0.8521,8.583,0.052,15.306,55.05,11.132,0.1366,0.0172,0.0416,0.6301,0.0284,0.1526,6.5242000000000004,0.2195,1.4838,13.5732,0.4148,0.1677,1.2498,0.1439,0.0767,0.5291,0.2701,0.0546,5.7746,6.9133,1.1505,0.719,0.067289,0.192673,0.076748,0.070355,0.024497,0.028222,0.013027,0.004697,0.001833,0.101977,0.013609,0.002568,0.005776,0.004995,0.011426,0.004872,0.003086,4.12e-4,9.02e-4,0.020117,0.004483,0.081539,0.001052,0.040145,0.0077,0.001476,0.009823,0.002855,0.025341,0.043877,0.028713,0.099035,0.099035,0.478281,2.17e-4,0.013716,0.009334,0.004392,0.006722,0.006732,5.75e-4,0.007066,0.007364,1.146645,0.001939,0.001277,0.0151,0.002958,0.001229,0.003557,0.001682,0.019905,0.005466,0.013803,Mild
G3,2,1.03,11.9,10.8,2.6,3.68,1.28,11.55,2.52,0.91,1.1,2.88,69.0426,10.1482,8.8749,1.7859,0.439,1.8387,0.263,0.4895,0.8689,3.905,0.028,7.757,76.85,14.014,0.0746,0.0276,0.0471,0.2492,0.4333,0.1498,12.0373,0.3942,1.51,15.47,0.2329,0.2488,0.6658,0.3297,0.1093,1.4279,0.2171,0.1572,1.5467,2.2396,0.5186,0.3383,0.029621,0.094977,0.041654,0.040895,0.014417,0.004504,0.009788,0.005349,0.001717,0.084015,0.013095,0.003399,0.004534,0.00383,0.009341,0.003321,0.002556,2.9e-4,5.01e-4,0.017445,0.005094,0.038137,9.32e-4,0.02485,0.004136,0.001728,0.010925,0.002529,0.043331,0.042759,0.01861,0.055824,0.055824,0.274916,2.73e-4,0.016443,0.008482,0.002017,0.00486,0.003951,2.32e-4,0.004716,0.01301,2.436836,0.003957,0.001962,0.045555,0.00389,0.001099,0.003357,0.0015790000000000001,0.028628,0.006915,0.009596,Mild
G4,3.1,3.06,0.92,0,3.86,7.07,2.55,0.3,1.26,0.1,0.92,2.77,46.7433,9.2649,5.436,1.963,0.3575,1.7459,0.2863,0.5339,0.8091,11.742,0.0959,11.3521,46.6796,19.9938,0.0654,0.0178,0.0359,0.2644,0.2045,0.1525,3.9979,0.2251,0.8425,28.2851,0.2477,0.0991,0.6241,0.6801,0.0711,1.1708,0.2964,0.0489,5.8753,9.0006,0.9812,4.9945,0.085204,0.098415,0.093255,0.02461,0.036234,0.005427,0.002356,0.005993,0.007414,0.271255,0.056442,0.006294,1e-6,1e-6,0.035808,1e-6,0.001336,1e-6,1e-6,0.040844,0.010603,0.002441,0.001251,0.044085,0.004831,1e-6,0.061517,0.017346,0.180136,0.173541,0.056919,0.036443,0.071311,0.143407,0.011851,0.036012,1e-5,0.023517,0.001525,0.004969,6.31e-4,0.018155,0.065476,6.374625,0.038766,0,0.229819,0.019279,1e-5,1e-5,1e-5,0.174179,0.031944,0.033654,Moderate
S16,0.21,6.85,2.41,2.1,3.94,0.91,0.85,0.35,0.58,0.87,0.31,1.07,53.068,21.8967,75.5732,3.0916,0,1.0212,0.2125,0.353,0.5753,0.612,0.161,2.052,78.57,14.427,0.1314,0.032,0.1245,0.2843,0.0133,0.1236,11.3257,0.4054,2.1959,21.4405,0.5104,0.0947,0.3455,2.9282,0.0557,1.5394,0.1284,0.6103,0.311,0.4336,0.0011,0.0111,0.050535,0.056888,0.059369,0.023474,0.037775,0.005762,0.035126,0.010997,0.010146,0.095798,0.032936,0.003109,0.007434,0.003797,0.014547,0.012882,0.007606,6.15e-4,0.002999,0.018086,0.005089,0.059369,6.77e-4,0.019167,0.001979,0.001978,0.011359,0.005984,0.05119,0.133676,0.034381,0.027955,0.006935,0.225513,0.01662,0.019379,0.03349,0.031978,0.002116,0.011945,1.33e-4,0.007322,0.132115,9.040516,0.101212,0.022242,0.116808,0.012628,0.001696,0.008972,0.005509,0.083478,0.026807,0.113618,Trace
S17,0.32,7.42,2.1,2.07,4.03,0.97,0.84,0.28,0.54,0.99,0.03,1.15,56.791,17.8357,78.4733,2.3647,0,1.0392,0.18,0.2075,0.6036,0.766,0.142,2.21,92.186,14.704,0.1218,0.0413,0.106,0.0955,0.0157,0.1565,12.2783,0.523,2.6766,19.8387,0.5387,0.0977,0.3526,3.2687,0.0558,1.7276,0.1183,0.7497,0.2835,0.3191,0.5184,0.0086,0.019804,0.023588,0.024841,0.00813,0.01202,0.002508,0.010041,0.006781,0.006865,0.045562,0.015977,0.001481,0.003491,0.001894,0.005793,0.003511,0.004091,2.8e-4,0.001366,0.010415,0.003067,0.001581,3.17e-4,0.009667,6.98e-4,0.00108,0.009241,0.003874,0.034422,0.093855,0.021841,0.01673,0.003937,0.118423,0.004013,0.011295,0.022339,0.018068,6.22e-4,0.00418,2.03e-4,0.004554,0.092511,8.019624,0.063389,0.015574,0.073418,0.00567,7.13e-4,0.005063,0.003543,0.049499,0.014541,0.031596,Trace
S18,0.24,4.95,0.89,0.62,4.72,2.53,0.23,0.18,0.95,0.7,0.27,11,49.5726,23.465,58.0789,3.5327,0.2951,0.8934,0.1998,0.2695,0.5296,0.294,0.251,0.347,116.389,24.856,0.0896,0.0423,0.0995,0.2644,0.1818,0.0964,11.0375,0.6876,2.4848,33.3,0.2953,0.0772,0.2039,2.0601,0.0529,1.6965,0.1399,0.5002,0.0652,0.0715,0.0041,0.0103,0.005208,0.040246,0.003233,0.016157,0.010724,1e-6,0.006611,0.010293,6.61e-4,0.13616,0.032985,0.003867,0.006225,0.005562,0.005769,0.020141,0.006544,3.02e-4,0.001226,0.004572,5.75e-4,0.003242,6.55e-4,0.012264,0.001604,0.002042,0.014396,0.004483,0.04667,0.024059,0.00653,0.041425,0.041425,0.003669,4.7e-4,0.014955,0.035741,9.12e-4,5.25e-4,0.002114,1e-6,0.007471,0.121478,8.789936,0.067229,0.004876,0.01547,0.032482,0.003747,0.005368,0.006594,0.07254,0.023609,0.055733,Trace
S24,0.12,5.79,2.04,1.94,4.06,2.25,1.02,0.35,0.7,0.95,0.1,2.21,29.2,23.03,41.54,5.39,0.34,0.83,0.21,0.11,0.35,0.258,0.178,1.276,48.591,30.75,0.0469,0.0096,0.1281,0.2728,0.1108,0.1165,10.6292,0.1786,2.0413,26.8453,0.2891,0.1007,0.1139,2.4695,0.0472,0.9872,0.0983,0.5165,0.2562,0.3857,0.104,0.0548,0.038219,0.083876,0.044704,0.029347,0.039816,0.003308,0.032892,0.011616,0.008737,0.156947,0.033951,0.00349,0.007509,0.00405,0.014963,0.005266,0.007293,5.79e-4,0.003136,0.017281,0.0051919999999999996,0.002773,8.29e-4,0.026245,0.003445,0.001938,0.020455,0.005749,0.070402,0.138289,0.032052,0.021991,0.012688,0.113867,0.024001,0.024338,0.019967,0.035302,0.002334,0.008788,2.12e-4,0.010217,0.108872,8.166069,0.067648,0.012355,0.137576,0.028504,0.003213,0.008056,0.004688,0.067354,0.029427,0.047292,Trace
S25,0.13,5.52,2.16,2.11,3.75,2.15,0.91,0.39,0.68,0.98,0.05,2.36,28.1978,17.7841,41.4693,4.1601,0.01,0.6518,0.1822,0.1777,0.2905,0.403,0.146,1.175,49.626,7.756,0.0665,0.0228,0.0865,0.2726,0.169,0.1859,16.093,0.2955,2.366,22.9726,0.2985,0.0954,0.0898,2.3655,0.0468,1.0729,0.1137,0.518,0.2934,0.3506,0.0016,0.0084,0.026628,0.097929,0.027241,0.01778,0.023453,0.00297,0.023304,0.009183,0.007785,0.108214,0.023217,0.002661,0.005353,0.003021,0.010494,0.002611,0.005428,4.55e-4,0.00242,0.01521,0.004543,0.002236,6.8e-4,0.023908,0.003372,0.002813,0.018754,0.005574,0.070487,0.139217,0.029464,0.017909,0.010664,0.141585,0.008959,0.018549,0.013834,0.022271,0.001181,0.004122,4.2e-5,0.007812,0.090522,7.864592,0.04582,0.011113,0.106502,0.017225,0.002089,0.006831,0.00374,0.062419,0.024431,0.023556,Trace
S34,0.22,2.79,11.5,11.32,2.76,1.16,0.48,4.12,0.99,0.98,0.18,2.42,31.9848,10.512,13.7692,3.4089,0.01,1.3543,0.2128,0.3551,0.7871,1.003,0.213,4.492,38.881,5.35,0.0821,0.0138,0.0744,0.2771,0.3458,0.1354,12.4665,0.1578,1.6601,20.4213,0.2172,0.0769,0.1364,1.0912,0.066,0.8207,0.1574,0.0885,3.2165,3.4021,0.0022,0.0608,0.079601,0.288948,0.077662,0.036049,0.03088,0.027124,0.014734,0.005311,0.011541,0.10463,0.022236,0.002887,0.006564,0.003634,0.007997,0.001981,0.004315,4.06e-4,0.001857,0.022621,0.005436,0.077662,9.5e-4,0.038576,0.006134,0.001044,0.013842,0.003638,0.047995,0.180217,0.03289,0.0161,0.00893,0.134506,0.002599,0.01096,0.009195,0.073136,0.00776,0.015388,0.001324,0.00391,0.024004,4.773687,0.014255,0.004754,0.030124,0.00431,8.83e-4,0.004912,0.002133,0.039568,0.012345,0.017946,Trace
S40,0.33,5.46,0.9,0,4.38,1.19,0.67,0.16,0.8,0.01,0.9,1.78,68.628,18.4183,53.0132,2.5786,0.2852,0.6409,0.01,0.2122,0.2805,0.29,0.126,0.298,18.425,2.063,0.0592,0.0854,0.0688,0.1949,0.0949,0.1599,4.2497,1.1782,1.8312,19.3385,0.2166,0.0918,0.1179,2.1043,0.0705,1.5938,0.0983,0.2958,0.0326,0.0444,0.0043,0.0183,0.022028,0.062739,0.023933,0.014641,0.022017,0.001197,0.021610999999999998,0.007581,0.006521,0.080269,0.020874,0.002902,0.006634,0.002945,0.006942,0.003157,0.004143,2.77e-4,0.001404,0.014861,0.004153,0.002259,6.03e-4,0.015186,0.001903,0.001877,0.009048,0.005196,0.017798,0.100546,0.022238,0.017277,0.007001,0.103404,0.020309,0.013509,0.021976,0.023152,0.001557,0.00796,8.6e-5,0.007197,0.096805,7.732814,0.071272,0.01397,0.112666,0.017922,0.001924,0.007844,0.004932,0.055075,0.019102,0.030101,Trace
S41,0.21,4.16,0,0,5.35,3.53,0.42,0.01,1.29,0.01,0.01,8.4,54.5705,22.2268,30.4539,3.334,0.2708,0.9964,0.2163,0.4386,0.4506,0.255,0.015,0.535,150.301,21.552,0.0419,0.0876,0.1385,0.2569,0.1166,0.0313,5.9818,1.222,1.9648,34.7226,0.2468,0.0861,0.3272,1.4889,0.0576,1.3658,0.3144,0.2057,0.0287,0.0457,0.0029,0.0027,0.003294,0.048082,0.003679,0.006521,0.007484,8.3e-5,7.89e-4,0.0071590000000000004,0.006208,0.085464,0.014752,0.003789,0.005367,0.002958,0.003766,0.00392,0.001592,1.88e-4,0.001251,0.01248,0.004187,0.002296,7.21e-4,0.011817,0.002476,0.001276,0.007081,0.001899,0.016316,0.062196,0.016029,0.014003,0.016302,0.245368,0.011794,0.014764,0.026768,0.013442,9.93e-4,0.001973,2.76e-4,0.004061,0.073695,6.441515,0.032626,0.007231,0.102494,0.023951,0.002264,0.002765,0.006018,0.098496,0.008695,0.035539,Trace
S42,0.11,5.01,0,0,5.68,4.2,0.7,0.01,1.13,0.01,0.01,6,61.0239,11.8941,50.0884,2.1965,0.01,0.3371,0.01,0.1719,0.2096,0,0.013,0.138,99.627,11.141,0.037,0.0425,0.0896,0.1692,0.0613,0.0491,2.4258,0.6269,0.8979,34.0607,0.2191,0.1223,0.0204,1.8836,0.0886,1.8293,0.1083,0.6397,0.0225,0.0281,0.0252,0.0013,0.007033,0.043344,0.008055,0.007367,0.008346,1e-6,0.006606,0.005313,6.3e-5,0.074222,0.01008,0.003208,0.004648,0.004107,0.003016,0.013997,0.004033,2.19e-4,7.97e-4,0.009339,0.003451,0.008055,4.69e-4,0.008521,0.001064,0.001267,0.006781,0.003775,0.019459,0.058344,0.010239,0.051718,0.051718,0.126634,0.004302,0.014915,0.011854,0.001866,0.00116,0.001501,2.32e-4,0.010158,0.203093,7.487299,0.053995,0.004877,0.084913,0.014688,0.003255,0.003403,0.007985,0.063366,0.01187,0.038741,Trace
S43,0.1,4.82,0,0,5.69,4.01,1.06,0.01,1.18,0.01,0.01,3.78,56.2216,12.6121,50.1758,2.0615,0.01,0.25,0.01,0.0226,0.1445,0,0.017,0.417,104.556,17.903,0.0471,0.0393,0.0666,0.1807,0.0731,0.0828,3.1466,0.6296,1.1346,38.749,0.2259,0.1036,0.0312,1.7741,0.0899,1.5954,0.1575,0.5785,0.0254,0.0345,0.0218,0.002,0.00871,0.043052,0.010268,0.009244,0.01183,1e-6,0.006707,0.006454,1.38e-4,0.095341,0.014447,0.004193,0.006239,0.005428,0.004111,0.020264,0.003853,2.96e-4,0.00103,0.011694,0.004183,0.010268,5.89e-4,0.010009,0.001219,0.001048,0.010162,0.004188,0.023386,0.050295,0.010058,0.049745,0.049745,0.133048,0.010288,0.018476,0.018885,0.003093,0.001836,0.002267,6.64e-4,0.011913,0.255073,8.294808,0.066249,0.005195,0.137583,0.020437,0.004774,0.004891,0.010558,0.088378,0.016216,0.055378,Trace
S44,0.16,1.96,0,0,3.77,2.86,0.61,0.43,1.92,0,0.85,4.69,18.7247,17.1583,32.4201,2.3377,0.3607,0.6222,0.01,0.5243,0.2382,0.283,0.009,0.025,2.284,0,0.0293,0.0159,0.0631,0.154,0.0796,0.0312,0.2182,0.2237,1.0103,23.2169,0.0862,0.0083,0.0237,0.422,0.009,0.2079,0.0126,0.0304,0.0185,0.0025,0.002,0.003,0.005077,0.067296,0.003199,0.001565,0.010357,8.1e-5,0.018045,0.006716,0.008439,0.039996,0.007299,0.003267,0.00359,0.003586,0.002469,0.003671,7.74e-4,1.36e-4,7.72e-4,0.025714,0.00569,0.002041,7.25e-4,0.029265,0.003697,9.87e-4,0.002462,0.00128,0.003331,0.081655,0.020276,0.025495,0.125205,0.431193,0.002685,0.007046,0.00423,0.010917,2.17e-4,0.002104,9.9e-5,0.001386,0.105412,3.130124,0.074251,0.011685,0.077878,0.010144,8.41e-4,0.001763,0.003767,0.064297000000000007,0.008835,0.034042,Trace
S47,0.21,7.55,0.79,0,3.81,2.71,0.37,0.1,0.5,0,0.79,7.32,22.5018,22.574,21.1227,3.5039,0.01,0.4686,0.01,0.2547,0.2315,0.238,0.02,0.063,22.985,2.596,0.1306,0.0483,0.1032,0.2714,0.353,0.1744,9.7922,0.6832,1.2751,34.5533,0.3165,0.0569,0.0021,2.7689,0.0599,0.9613,0.1548,0.3527,0.0302,0.0362,0.0044,0.0026,0.033738,0.095726,0.0317,0.019339,0.033759,4.87e-4,0.009171,0.005319,0.005792,0.115811,0.020546,0.003741,0.005715,0.004177,0.007917,0.012445,0.004648,5.02e-4,0.002954,0.02667,0.005966,0.003395,9.8e-4,0.028076,0.005887,0.001719,0.011806,0.004845,0.072616,0.016851,0.029731,0.018392,0.018563,0.475076,0.029878,0.015295,0.006406,0.035319,0.00203,0.014325,0.001054,0.007258,0.08134,9.563902,0.083005,0.012329,0.103839,0.019442,0.002011,0.005521,0.004149,0.091008,0.021264,0.109053,Trace
S5,0.21,2.35,18.73,18.57,2.12,2.14,0.94,7.97,0.9,0.99,0.16,2.28,30.67,21.77,12.51,3.12,0.37,1.16,0.25,0.21,0.65,1.058,0.085,4.595,23.724,11.407,0.0346,0.0144,0.0378,0.1362,0.1087,0.2018,13.663,0.2959,0.8936,25.4338,0.276,0.0686,0.2692,1.1331,0.0999,0.9738,0.2786,0.0972,6.3941,6.1058,0.5524,0.0523,0.182445,0.436478,0.192632,0.0553,0.050276,0.048662,0.050311,0.005544,0.013953,0.130827,0.020559,0.004514,0.006656,0.005997,0.009062,0.001436,0.002621,2.72e-4,0.001372,0.03661,0.008346,0.192632,0.001368,0.058836,0.010774,0.001532,0.014668,0.004395,0.076734,0.203911,0.048564,0.007215,0.031678,0.198149,0.001653,0.015094,0.007922,0.089686,0.007389,0.014163,0.00137,0.005325,0.027176,4.972952,0.015686,0.004538,0.023928,0.00221,9.38e-4,0.003684,0.001612,0.047344,0.011774,0.012608,Trace
S53-1,0.2,5.06,0.89,0,4.09,3.18,0.82,0.18,0.81,0,0.89,3.88,54.6345,36.0716,30.0064,4.7054,0.01,0.3427,0.01,0.1847,0.2766,0.244,0.024,0.337,67.273,19.301,0.0633,0.0699,0.0652,0.1681,0.1153,0.1746,7.2483,0.9996,0.9356,30.7432,0.2273,0.0418,0.019,1.9061,0.0629,1.4457,0.129,0.3029,0.0219,0.049,0.0019,0.0033,0.009785,0.060203,0.019668,0.015713,0.020904,2.27e-4,0.012509,0.004756,0.004243,0.103048,0.014898,0.003465,0.004318,0.003231,0.006075,0.008346,0.002899,3.57e-4,0.001866,0.014814,0.003963,0.001877,6.33e-4,0.01662,0.002493,0.001423,0.008824,0.004766,0.022539,0.004656,0.018707,0.015008,0.009077,0.041106,0.014967,0.019971,0.006613,0.011024,0.001233,0.003797,3.09e-4,0.007238,0.04355,6.785476,0.056278,0.007979,0.144665,0.015555,0.001465,0.004076,0.003329,0.083877,0.011925,0.073243,Trace
S53-2,0.21,5.06,1.19,0,4,3.15,0.77,0.24,0.79,0,1.19,4.09,50.7999,38.656,29.7264,4.6647,0.01,0.3708,0.01,0.4362,0.2983,0.252,0.02,0.489,75.766,22.033,0.0731,0.0823,0.0689,0.2223,0.1641,0.2199,9.9216,1.2026,1.1602,38.418,0.2181,0.038,0.0099,1.8444,0.0651,1.2545,0.1291,0.2649,0.0172,0.0382,0.0019,0.004,0.011298,0.080855,0.023434,0.018458,0.029663,1.86e-4,0.014406,0.005971,0.005015,0.122688,0.018269,0.00431,0.005113,0.004115,0.006794,0.008222,0.00326,4.04e-4,9.99e-4,0.019728,0.005136,0.00267,8.61e-4,0.01994,0.003226,0.001781,0.010965,0.006257,0.027316,0.004959,0.01999,0.017558,0.012527,0.008266,0.036749,0.025688,0.007799,0.025825,0.002099,0.006431,3.95e-4,0.009257,0.049148,7.627038,0.06422,0.0086130000000000009,0.190318,0.018243,0.00216,0.004972,0.004028,0.112981,0.01395,0.073563,Trace
S6,0.11,2.65,15.93,15.25,2.31,2.59,1.1,6.01,0.87,0.96,0.68,2.35,38.3,20.88,17.3,2.91,0.37,0.95,0.25,0.17,0.59,0.921,0.08,4.41,31.527,15.82,0.0381,0.0191,0.0463,0.1317,0.0848,0.1848,15.0557,0.3919,0.9597,27.8112,0.2636,0.0703,0.2894,1.347,0.0945,1.215,0.2675,0.1367,5.4163,5.0613,0.4816,0.0501,0.175738,0.573127,0.188123,0.053887,0.051122,0.044532,0.053022,0.006052,0.01558,0.141627,0.023836,0.005467,0.007198,0.006592,0.010632,8.02e-4,0.003581,3.19e-4,0.001595,0.038197,0.008784,0.188123,0.001553,0.059114,0.010791,0.001872,0.016699,0.00456,0.085789,0.224093,0.051213,0.008825,0.026719,0.183823,0.002879,0.019007,0.006537,0.088681,0.007556,0.015529,0.001479,0.005901,0.034543,5.793637,0.024496,0.005952,0.032283,0.003525,0.001172,0.003817,0.001706,0.054934,0.011506,0.007881,Trace
S1,0.3,2.57,20.42,20.38,1.5,1.41,0.31,7.95,0.58,1,0.04,4.55,42.1,13.61,4.55,2.86,0.6,1.64,0.34,0.23,0.68,6.449,0.135,7.352,4.757,0,0.0761,0.0107,0.0376,0.2928,0.6923,0.2917,5.4946,0.1834,0.6481,0.2956,0.2493,0.1208,0.0947,1.0956,0.0414,0.9966,0.19,0.0203,6.0632,8.5162,0.8433,0.061,0.18941,0.700326,0.063761,0.062644,0.059633,0.058596,0.00903,0.003971,5.51e-4,0.141083,0.02357,0.004536,0.006255,0.006027,0.013371,0.001326,0.004168,3.59e-4,0.001995,0.028689,0.004064,0.062394,0.001287,0.061552,0.011336,0.001354,0.019481,0.004927,0.031246,0.228418,0.050591,0.009118,0.039975,0.270614,0.001267,0.007944,0.004065,0.071158,0.003766,0.010278,9.2e-4,0.002263,0.020888,5.106825,0.011337,0.004139,0.004286,0.002051,5.79e-4,0.003251,0.001452,0.022692,0.013799,0.012652,Trace
S2,0.44,2.39,19.5,18.92,1.4,0.64,0.16,8.16,0.59,0.97,0.58,4,40.8,11.93,4.9,1.47,0.37,1.74,0.31,0.14,0.6,5.684,0.098,7.04,6.237,0,0.0483,0.0086,0.0317,0.193,0.333,0.1993,4.599,0.1392,0.6804,0.3057,0.2925,0.0806,0.0507,1.0507,0.0371,0.9054,0.2672,0.0194,5.8241,7.4046,0.7126,0.1881,0.193201,0.609586,0.115909,0.04669,0.064384,0.047027,0.046124,0.003759,0.010333,0.077122,0.013567,0.003172,0.004378,0.004414,0.009356,6.82e-4,0.002451,2.08e-4,9.55e-4,0.024637,0.005629,0.115909,9e-4,0.056003,0.00879,0.001089,0.012353,0.00398,0.027166,0.191082,0.043227,0.015102,0.029171,0.138628,0.00123,0.006317,0.003397,0.058097,0.003055,0.007198,8.47e-4,0.001791,0.019488,4.715264,0.005503,0.003916,0.00404,0.001467,5.47e-4,0.001763,0.001061,0.014634,0.009485,0.007102,Trace
S20,0.35,2.55,18.2,14.13,2.04,1.42,0.19,7.14,0.8,0.78,4.07,7.47,15.3417,18.1821,6.3744,3.7727,0,1.3103,0.2715,0.2661,0.8574,8.054,0.112,9.126,133.754,34.846,0.1242,0.0406,0.0796,0.4058,0.5027,0.3245,6.2143,0.5442,1.7818,36.5725,0.1617,0.0727,0.3154,1.0186,0.0357,0.5755,0.2019,0.0483,3.8261,4.3947,1.2913,1.9114,0.136219,0.547666,0.017913,0.096739,0.04604,0.049123,0.01282,0.00669,0.008483,0.141241,0.035315,0.004177,0.010148,0.008628,0.012167,0.005742,0.010958,5.71e-4,0.002796,0.003877,0.002398,0.019316,0.001964,0.080844,0.020495,0.001856,0.040954,0.008319,0.041133,0.039591,0.03567,0.080425,0.080425,0.247716,8.1e-5,0.012832,0.011412,0.001637,3.55e-4,0.00697,1e-6,0.005983,0.051478,6.65512,0.014462,0.004027,0.001075,0.005825,0.002305,0.004492,0.002425,0.078068,0.012673,0.015983,Trace
S21,0.32,2.4,19.97,14.86,1.9,1.78,0.16,8.32,0.79,0.74,5.11,11.13,14.2698,14.0462,3.6801,3.0695,0,1.3582,0.2497,0.2386,0.8164,9.059,0.095,8.567,113.89,28.077,0.0706,0.0361,0.0741,0.2591,0.3452,0.3144,3.8717,0.5033,1.3161,27.5726,0.1489,0.0688,0.2504,0.952,0.0313,0.6265,0.1954,0.0375,4.1808,4.8611,1.2252,1.825,0.104261,0.602357,0.083257,0.090669,0.035502,0.046797,0.032886,0.006007,0.011086,0.127305,0.028554,0.003773,0.008438,0.007344,0.012574,0.003156,0.012955,5.34e-4,0.002461,0.003726,0.010677,0.083266,0.0018600000000000001,0.079043,0.022632,0.002047,0.044899,0.00876,0.031198,0.046322,0.036702,0.086086,0.086086,0.206088,0.001153,0.009677,0.006993,0.012137,0.002101,0.010342,0.001145,0.004933,0.042788,6.233154,0.011154,0.004753,0.004254,0.004914,0.001794,0.004257,0.002196,0.074383,0.009672,0.00871,Trace
S22,0.34,1.75,25.2,15.89,1.66,1.79,0.15,14.4,0.95,0.63,9.31,11.93,16.4915,14.2301,2.938,3.009,0,1.543,0.293,0.2997,0.9484,10.004,0.071,8.074,95.977,20.04,0.0895,0.0723,0.0626,0.2628,0.4212,0.2341,1.0901,0.2932,1.0013,27.485,0.1509,0.0532,0.3036,0.75,0.0575,0.7989,0.2195,0.0396,4.428,5.9237,1.1697,6.0205,0.1866,0.996933,0.115189,0.080091,0.042307,0.056381,0.033187,0.005145,0.016823,0.11102,0.024959,0.003566,0.006126,0.005808,0.01009,0.001533,0.004539,2.38e-4,0.001341,0.041133,0.010886,0.060176,0.001879,0.079207,0.021335,0.001729,0.022812,0.005995,0.016792,0.309761,0.057924,0.028055,0.026915,0.173959,0.001441,0.009609,0.00423,0.066507,0.006079,0.010411,0.001346,0.002701,0.015292,4.730753,0.007532,0.003551,0.014133,0.002142,8.18e-4,0.002261,0.002034,0.077848,0.010703,0.013712,Trace
S23,0.44,1.82,24.83,14.55,1.78,2.16,0.11,13.64,0.98,0.59,10.28,19.64,33.5963,12.4675,4.5494,2.4356,0,1.5116,0.2738,0.2411,0.7401,8.195,0.08,5.801,102.83,20.246,0.0855,0.0311,0.0777,0.2933,0.3185,0.3607,1.6955,0.43120000000000003,1.2796,29.2926,0.1753,0.0768,0.2454,0.8585,0.0851,1.4661,0.2402,0.0501,4.7088,5.3969,1.2037,0.0064,0.175295,1.024044,0.11008,0.091832,0.047095,0.060996,0.03592,0.00693,0.01827,0.118917,0.025757,0.005007,0.007778,0.006977,0.010516,0.001166,0.005464,2.81e-4,0.001623,0.040655,0.010632,0.057876,0.001906,0.077909,0.022008,0.001835,0.027358,0.007792,0.021259,0.337274,0.060208,0.02575,0.022506,0.147713,0.001306,0.011845,0.004519,0.064126,0.005733,0.00988,0.001265,0.003124,0.020068,5.081759,0.010688,0.003823,0.01195,0.003022,0.001066,0.00207,0.002264,0.090834,0.011163,0.010828,Trace
S3,0.32,5.75,16.64,13.5,2.59,1.8,0.32,2.89,0.45,0.81,3.14,5.63,60.3051,16.3911,15.1565,1.8345,0.5075,1.9541,0.2198,0.3453,0.8235,4.62,0.107,4.178,8.627,1.891,0.0908,0.0335,0.0399,0.2491,0.443,0.2811,5.8103,0.4445,1.6025,13.7295,0.2539,0.0719,0.4139,2.4476,0.0668,1.9698,0.3469,0.1911,4.2648,4.4315,0.8686,0.5984,0.108205,0.33457,0.014722,0.060421,0.030811,0.014903,0.007865,0.005501,0.004461,0.128236,0.024486,0.004778,0.008995,0.00786,0.007786,0.005239,0.009728,4.26e-4,0.001769,0.01679,0.001891,0.016203,0.001552,0.050296,0.010949,0.001352,0.022113,0.005018,0.032077,0.067655,0.022466,0.033535,0.033535,0.165183,0.001551,0.010321,0.013158,0.0138,3.08e-4,0.001771,1e-6,0.006867,0.061762,9.349319,0.030412,0.005603,0.003514,0.002867,0.001705,0.004549,0.002119,0.022433,0.012971,0.014539,Trace
S4,0.32,4.1,19.62,17.5,2.36,1.62,0.4,4.79,0.58,0.89,2.12,4.05,102.7085,9.129,10.7647,1.0718,0.3927,2.2668,0.2463,0.3922,0.6177,4.968,0.072,3.205,2.123,0,0.0602,0.0279,0.0368,0.21,0.3879,0.3318,2.9504,0.3179,1.7768,10.202,0.2738,0.0653,0.6261,1.7607,0.0605,2.51,0.2446,0.0645,5.561,6.3151,0.7071,1.366,0.042145,0.277036,0.014717,0.060402,0.030801,0.015037,0.007865,0.00401,0.00234,0.128195,0.024479,0.004776,0.008992,0.007858,0.004498,0.005237,0.003934,2.35e-4,6.98e-4,0.003723,0.00189,0.016198,0.001552,0.05028,0.010945,7.85e-4,0.013219,0.004387,0.015686,0.036251,0.026533,0.0368,0.036758,0.16513,1e-6,0.010318,0.013154,8.98e-4,1e-6,0.002978,1e-6,0.00475,0.045364,6.84992,0.013686,0.004396,2.66e-4,0.002177,6.46e-4,0.003458,0.002118,0.015643,0.012967,0.014535,Trace
S19,0.31,4.32,0.94,0.66,3.98,3.9,0.21,0.22,0.92,0.7,0.28,18.57,91.14,22.52,25.08,3.58,0.33,0.58,0.15,0.18,0.39,0.142,0.012,0.148,98.091,33.267,0.0762,0.017,0.1146,0.2503,0.1403,0.0862,6.406,0.3831,1.1102,52.1648,0.2518,0.1616,0.05,1.5864,0.1063,2.1034,0.2805,0.1607,0.0897,0.0692,0.133,0.0239,0.019597,0.144067,0.016837,0.01464,0.02365,9.19e-4,0.019993,0.009947,0.015159,0.167159,0.038313,0.010252,0.009566,0.007107,0.015426,0.002363,0.009017,5.24e-4,0.003522,0.045033,0.011073,0.006427,0.002066,0.03353,0.007342,0.003044,0.01901,0.007851,0.072518,0.089251,0.035491,0.029791,0.017362,0.133207,0.04162,0.027802,0.023339,0.031597,0.002459,0.009959,5.19e-4,0.008151,0.124737,7.96457,0.079128,0.01017,0.218468,0.030998,0.004014,0.005763,0.006032,0.165411,0.038212,0.022077,Trace
S56,0.32,2.75,0.72,0.56,3.64,3.64,3,0.26,1.32,0.78,0.16,1.21,65.5726,18.3279,36.7688,2.4881,0.01,0.7243,0.01,0.3663,0.4949,0.249,0.01,0.135,44.787,9.672,0.0713,0.0628,0.0548,0.1639,0.1158,0.142,6.9529,0.8941,1.0498,37.2702,0.1201,0.081,0.0137,0.9964,0.0458,0.7815,0.0638,0.0833,0.028,0.0356,0.0197,0.0016,0.019596,0.034259,0.021697,0.010049,0.012615,1e-6,0.01394,0.008099,1e-6,0.061726,0.009463,0.003022,0.005151,0.00451,0.008109,0.007215,0.004399,4.81e-4,0.001292,0.015205,0.004133,0.021706,5.22e-4,0.014055,0.001476,0.001903,0.023661,0.007155,0.070753,0.035644,0.006661,0.031419,0.031419,0.009028,0.005835,0.012706,0.008278,0.002723,0.001223,0.001979,1.39e-4,0.008378,0.098328,5.33981,0.038805,0.004037,0.128198,0.013967,0.002662,0.005154,0.004861,0.095256,0.012637,0.020264,Trace
S57,0.24,1.89,0.46,0.12,4.17,4.67,2.59,0.24,2.21,0.26,0.34,1.8,39.0077,21.4379,44.3374,3.0095,0.01,0.6967,0.01,0.3008,0.2816,0.23,0.01,0.137,121.347,23.565,0.0593,0.0905,0.0869,0.1662,0.0767,0.0793,4.7642,1.2296,1.1996,42.6182,0.1445,0.0457,0.0011,0.7181,0.0236,0.6035,0.0335,0.1599,0.0228,0.0294,0.0086,0.0074,0.015367,0.035851,0.017432,0.007374,0.010611,1e-6,0.009262,0.008597,8.2e-5,0.060741,0.008925,0.002641,0.004279,0.003689,0.007964,0.005556,0.003463,3.97e-4,8.38e-4,0.013213,0.003688,0.017432,4.9e-4,0.011518,0.001068,0.001564,0.020114,0.005733,0.045955,0.029603,0.004892,0.023872,0.023872,0.00936,0.002594,0.013309,0.004984,0.001542,0.001827,0.001942,1.55e-4,0.007706,0.050227,3.595533,0.015095,0.003259,0.156349,0.020013,0.003049,0.004816,0.004513,0.129145,0.014064,0.015607,Trace
S64,0.2,1.74,1.92,1.02,3.13,4.09,3.79,1.1,1.8,0.53,0.9,1.08,35.1334,17.2119,29.1794,2.0785,1.4417,0.7005,0.01,0.3117,0.464,0.288,0.01,0.107,23.416,5.566,0.0444,0.044,0.0581,0.0955,0.0541,0.1278,5.5298,0.5651,0.7647,21.9694,0.1198,0.0912,0.063,0.7835,0.0344,0.4721,0.0495,0.0626,0.0643,0.2879,0.0295,0.0239,0.021172,0.067899,0.032018,0.007848,0.032885,0.002922,0.019301,0.005952,0.004712,0.05449,0.009207,0.003214,0.004551,0.003648,0.006712,0.00133,0.002327,2.53e-4,0.001434,0.016749,0.00394,0.00193,5.07e-4,0.01884,0.001793,0.001256,0.009036,0.004967,0.039163,0.006755,0.017333,0.016195,0.031858,0.008624,0.010554,0.013665,0.006832,0.012522,0.00105,0.00368,1.19e-4,0.005835,0.044532,3.244887,0.029162,0.004907,0.191202,0.007752,6.59e-4,0.003515,0.003369,0.063221,0.008142,0.022509,Trace
S65,0.26,2.27,1.42,0.58,3.66,4.24,3.79,0.63,1.61,0.41,0.84,1.12,15.9416,5.9479,3.4928,0.8246,0.3516,1.8,0.2674,0.49370000000000003,1.0608,0.235,0.01,0.045,80.844,14.555,0.0407,0.0464,0.0706,0.1286,0.0668,0.119,3.0171,0.6552,1.2307,37.1806,0.1129,0.0593,0.0346,0.8071,0.034,0.4614,0.0472,0.081,0.0375,0.176,0.0253,0.0209,0.017938,0.05304,0.031872,0.006947,0.03228,0.001739,0.016471,0.008175,0.004092,0.05467,0.008314,0.002876,0.004313,0.003177,0.005998,0.002737,0.001902,2.37e-4,0.001263,0.012578,0.003349,0.031825,4.35e-4,0.013248,0.001235,0.001178,0.009819,0.004384,0.020806,0.004787,0.01644,0.016502,0.033469,0.009141,0.010911,0.014373,0.007745,0.009351,8.35e-4,0.003156,2.44e-4,0.00672,0.037712,2.958094,0.023255,0.005197,0.197762,0.011908,0.001096,0.003885,0.004101,0.118472,0.009783,0.024206,Trace
S10,0.1,7.03,0,0,5.78,4.14,1.57,0.1,0.82,0.1,0.01,2.64,55.69,20,83.94,1.89,0.3,0.59,0.17,0.27,0.24,0.153,0.039,0.422,51.125,34.805,0.086,0.0179,0.0463,0.2124,0.153,0.0771,0.5496,0.3907,0.7451,46.0961,0.4156,0.0844,0.3465,2.9486,0.0849,2.5628,0.1631,0.1458,0.0254,0.0521,0.0468,0.0128,0.009038,0.124532,0.011587,0.003795,0.017038,4.9e-5,0.006361,0.006531,0.00765,0.088756,0.03208,0.004009,0.005475,0.003449,0.006162,0.001251,0.005611,3.05e-4,0.002165,0.006236,0.005223,0.003295,7.35e-4,0.00913,0.001149,0.001589,0.005852,0.009414,0.003677,0.032309,0.01985,0.021478,0.045888,0.007044,0.028336,0.021948,0.00409,0.060954,0.003818,0.016237,6.09e-4,0.013204,0.25379,8.756265,0.071432,0.012209,0.18304,0.04698,0.006359,0.009147,0.01676,0.149136,0.00994,0.012097,Trace
S11,0.1,2.9,0,0,4.92,6.35,0.97,0.1,1.7,0.1,0.01,6.55,25.5305,14.1561,85.1996,1.7734,0.01,0.591,0.01,0.1377,0.1791,0.01,0.032,0.063,67.276,7.024,0.0699,0.1227,0.0442,0.203,0.0732,0.0549,0.463,0.3744,1.1736,43.3885,0.3263,0.1421,0.1104,0.8923,0.0887,1.5021,0.1913,0.1382,0.0243,0.0693,0.0636,0.0054,0.00502,0.064229,0.002225,0.00649,0.012116,1e-6,0.004565,0.005082,0.002477,0.106483,0.02263,0.007867,0.009617,0.008355,0.004027,0.001003,0.004074,3.49e-4,0.001411,0.004173,0.001599,0.002225,0.001179,0.015267,0.002654,0.002524,0.005854,0.005539,0.00595,0.020842,0.004926,0.053863,0.053863,0.008442,0.001189,0.024319,0.005246,0.001025,5.1e-5,0.003064,1e-5,0.00903,0.272141,5.762157,0.042403,0.004327,0.018963,0.045256,0.004674,0.004857,0.015737,0.113259,0.011074,0.019847,Trace
